produto,sku,quantidade_vendida,faturamento_total,custo_total
Bússola de Bordo 7825,LHN-692923,725,1717662.749999998,1034734.4999999987
Colete Salva-Vidas 3392,LHN-165898,785,1440341.5500000005,966672.5499999996
Hélice de Alumínio 290,LHN-814367,560,1097062.4000000004,641558.4000000006
Tinta Antifouling 9136,LHN-408806,793,1712903.7900000024,1317617.0800000008
Cabo Náutico 7174,LHN-762559,727,1816365.8799999983,1270185.3199999996
Vela Mestra 500,LHN-743134,719,1784493.29,1372686.0400000003
Colete Salva-Vidas 326,LHN-499873,655,291134.4000000001,185437.05000000002
Cabo Náutico 9083,LHN-643594,658,942749.5,632719.6399999998
Motor de Popa 8491,LHN-038883,663,1548250.859999999,713480.8200000003
Bússola de Bordo 1248,LHN-477634,781,3189197.879999995,1548152.8700000003
Bússola de Bordo 5574,LHN-196330,737,75992.07000000007,47794.450000000004
Tinta Antifouling 6959,LHN-433136,676,1185670.2000000002,859182.4799999999
Colete Salva-Vidas 7573,LHN-678117,665,605023.6499999996,321820.10000000027
Âncora Bruce 1018,LHN-909874,776,1443561.7600000023,1009482.8800000018
Motor de Popa 6225,LHN-757386,704,2594535.6799999992,1358396.1600000008
Cabo Náutico 2300,LHN-200618,724,1584872.2000000007,1209825.7200000007
Bateria Náutica 8635,LHN-949615,556,1336245.9200000006,664798.0799999997
Vela Mestra 1741,LHN-320688,597,870617.04,558087.5400000005
Vela Mestra 8049,LHN-246918,745,2202361.549999998,1448920.7000000004
Cabo Náutico 9048,LHN-841359,741,2107744.859999999,1053872.4299999995
Defensa Náutica 3153,LHN-639263,804,2440244.5199999986,1196199.2400000005
Motor de Popa 1540,LHN-134809,712,747130.0800000001,447385.2
Bateria Náutica 4361,LHN-401037,590,677992.6000000002,461220.7000000001
Bússola de Bordo 2331,LHN-092886,629,1053178.7299999984,658235.9200000002
Hélice de Alumínio 3700,LHN-279958,770,2071923.700000002,1119957.2999999998
Bússola de Bordo 7024,LHN-122468,742,401822.67999999993,275222.64
Motor de Popa 8825,LHN-083783,715,2085154.5000000007,1248597.3499999996
Hélice de Alumínio 9238,LHN-062625,715,1520933.7,1020762.6000000008
Hélice de Alumínio 4633,LHN-483007,696,458483.03999999986,288352.8
Âncora Bruce 7692,LHN-334183,720,2803600.799999999,1387922.4000000001
Cabo Náutico 5471,LHN-790634,617,2318087.510000001,1176693.0399999993
Bateria Náutica 6140,LHN-952863,805,2444527.4000000004,1198298.8499999999
Sonar Transducer 7193,LHN-662962,722,1727139.5199999996,1143799.6199999999
Sonar Transducer 7919,LHN-065674,772,146811.23999999993,112071.23999999996
Bússola de Bordo 1900,LHN-117122,753,1751636.1300000001,1087972.0499999998
Motor de Popa 1279,LHN-862487,700,538775.9999999999,259027.99999999994
TBD,LHN-077096,783,1905078.1499999994,1070267.040000002
Âncora Bruce 9445,LHN-438749,752,202664.0,119214.55999999991
Cabo Náutico 1755,LHN-075276,755,1198094.4000000008,581599.1499999999
Vela Mestra 7742,LHN-220102,662,1883376.76,1007153.5600000017
Motor de Popa 2175,LHN-061300,650,525057.0000000003,270647.00000000006
Motor de Popa 7932,LHN-579323,641,2084980.7000000002,960820.5399999999
GPS Plotter 6626,LHN-058674,644,1618101.5199999989,801039.4000000001
Motor de Popa 1949,LHN-132290,754,791330.5399999999,460075.71999999956
Cabo Náutico 6511,LHN-186798,756,203983.9200000001,147813.12
Colete Salva-Vidas 7001,LHN-551848,669,1089673.8900000008,712204.0199999996
Vela Mestra 5825,LHN-543582,823,863261.1599999998,542933.1
Bateria Náutica 2569,LHN-761270,690,1490931.3,709968.6000000002
Bateria Náutica 2400,LHN-569640,670,1990529.7999999977,1300999.3000000003
Sonar Transducer 594,LHN-306120,681,745429.4099999993,462998.2800000003
Bússola de Bordo 9956,LHN-445446,521,733880.6000000001,349465.96
Tinta Antifouling 9136,LHN-347725,607,1381786.9400000006,677345.2300000003
Vela Mestra 7039,LHN-937442,623,643334.7200000006,357408.87000000046
Tinta Antifouling 874,LHN-016677,740,1713470.0,1215228.0
Defensa Náutica 9695,LHN-887002,735,369925.4999999998,203256.89999999985
Colete Salva-Vidas 8612,LHN-542984,534,1878029.9399999997,881703.4200000012
Defensa Náutica 6926,LHN-026498,673,429050.95999999996,204309.34000000003
Colete Salva-Vidas 3456,LHN-250832,855,2313860.8500000015,1641035.7
Hélice de Alumínio 7117,LHN-918092,704,1133320.3199999994,678634.8799999994
GPS Plotter 3107,LHN-799545,659,494974.89999999985,311305.0100000004
GPS Plotter 3591,LHN-721969,657,1070489.5199999993,502578.7200000001
Tinta Antifouling 6853,LHN-998857,583,860927.7599999993,453119.2599999998
Vela Mestra 1741,LHN-704061,572,1564053.9199999995,827541.0
Bússola de Bordo 7257,LHN-273985,671,68274.25,52519.17000000001
Bússola de Bordo 4473,LHN-486654,648,98035.92000000001,59415.11999999998
Motor de Popa 9201,LHN-189707,656,328957.7600000002,192372.0
Âncora Bruce 7309,LHN-929459,690,1657538.699999999,824646.6000000008
Tinta Antifouling 866,LHN-951480,780,1145921.4000000015,734565.0
Motor de Popa 1923,LHN-945034,653,2327363.8299999987,1199672.0099999995
Hélice de Alumínio 8067,LHN-584100,721,1208532.9899999988,706745.8299999994
Defensa Náutica 1277,LHN-729636,568,1443350.479999999,771843.8400000011
Âncora Bruce 4980,LHN-583535,596,1200171.1600000001,789586.7599999999
Vela Mestra 5566,LHN-916696,765,1639012.5,1251157.5
Cabo Náutico 5921,LHN-075781,736,1540138.8799999997,1175679.0400000012
Cabo Náutico 8945,LHN-518409,674,2247405.820000001,1096294.7000000002
Defensa Náutica 656,LHN-968433,675,296952.74999999965,173657.24999999997
Vela Mestra 4634,LHN-423180,703,1652260.8999999987,1045733.5900000008
Motor de Popa 5440,LHN-556664,717,1727238.659999999,1270029.270000001
Defensa Náutica 417,LHN-025411,793,2187252.600000001,1208428.9099999985
Hélice de Alumínio 9713,LHN-818024,782,1000045.0600000004,515486.58000000095
Hélice de Alumínio 6668,LHN-162247,683,1445064.0800000017,756579.5899999996
Vela Mestra 7039,LHN-119653,616,88513.04000000002,65567.03999999996
Cabo Náutico 7064,LHN-951102,602,830994.7800000007,506703.40000000014
Genérico,LHN-660602,659,387795.14000000025,298302.9400000003
Vela Mestra 6861,LHN-837338,633,1945614.12,1008090.4800000007
Vela Mestra 1577,LHN-016397,810,2474647.2000000016,1140390.9
Defensa Náutica 3153,LHN-116117,719,1382917.4100000006,1047662.0899999993
Hélice de Alumínio 9928,LHN-368112,697,2477535.2899999996,1368803.4500000002
Bússola de Bordo 1762,LHN-180163,652,1909421.1200000024,1060790.9599999993
Tinta Antifouling 9500,LHN-630683,655,1997160.5000000005,1264025.5500000014
Defensa Náutica 792,LHN-443458,705,1008523.6500000012,715264.7999999999
Colete Salva-Vidas 1933,LHN-668518,539,563583.7899999997,327663.4900000001
João da Silva,LHN-661051,518,134213.80000000002,83884.92000000003
Bússola de Bordo 3641,LHN-139240,705,1296325.8000000017,785652.0000000001
Bússola de Bordo 5407,LHN-380607,634,1250476.2399999998,718664.3600000002
Bateria Náutica 5770,LHN-063004,613,1605489.9100000001,1225564.7699999996
Sonar Transducer 9061,LHN-810696,723,1267151.490000001,898689.0
Sonar Transducer 1690,LHN-568908,787,684312.2400000008,318286.40999999957
Bússola de Bordo 3611,LHN-381331,707,225709.75,142856.4199999999
Sonar Transducer 5470,LHN-684856,671,491071.35,233843.5
GPS Plotter 9135,LHN-492596,699,1053099.4199999997,706779.8700000009
Tinta Antifouling 5976,LHN-228257,697,1922848.75,1201781.339999999
Colete Salva-Vidas 3456,LHN-020586,611,1596457.4599999997,1209437.8399999994
GPS Plotter 1842,LHN-371965,684,1539622.44,1123812.0
Defensa Náutica 9513,LHN-058147,668,1148712.8400000008,786790.4399999998
Tinta Antifouling 5865,LHN-315245,763,1524405.3300000003,1016270.2199999995
Defensa Náutica 2783,LHN-761774,742,1375757.039999999,828769.4799999997
GPS Plotter 9763,LHN-414152,756,185991.12,114103.07999999996
Tinta Antifouling 4321,LHN-847740,705,1068780.0,511378.7999999996
Defensa Náutica 3209,LHN-292842,658,1599242.6799999992,1175911.8000000003
Motor de Popa 6647,LHN-984957,682,67374.78000000004,49179.02000000001
Genérico,LHN-866273,609,313896.86999999965,174387.14999999997
Motor de Popa 6647,LHN-693851,738,40095.54000000005,20250.719999999998
GPS Plotter 1152,LHN-508411,612,1423389.5999999994,873244.4399999987
Hélice de Alumínio 5003,LHN-632518,671,1049504.3900000008,516998.78999999975
Colete Salva-Vidas 8800,LHN-639640,818,550350.3999999999,288140.5
Bússola de Bordo 1854,LHN-771162,622,1627475.4400000009,1023569.4199999995
Vela Mestra 8049,LHN-581685,549,395669.7899999999,304360.1099999999
Cabo Náutico 6564,LHN-381336,794,1833512.74,1097911.4400000006
Cabo Náutico 3697,LHN-435746,703,2683182.280000002,1265653.0799999996
Cabo Náutico 9307,LHN-454719,647,550396.4300000005,371889.13
Bateria Náutica 2254,LHN-760445,682,1900972.7000000002,1118220.8399999994
Vela Mestra 1913,LHN-947646,684,278087.0399999997,198633.59999999998
Sonar Transducer 6595,LHN-556782,811,2427744.7200000025,1118774.5
Motor de Popa 1606,LHN-840831,759,1254778.7999999993,583617.8699999999
GPS Plotter 4446,LHN-485526,726,665045.0399999997,405514.55999999924
Âncora Bruce 9527,LHN-035116,716,1119587.72,592375.4400000001
Bateria Náutica 3506,LHN-410602,725,516105.74999999965,360912.2499999995
Bússola de Bordo 4059,LHN-844633,724,727446.2400000002,555300.7599999997
Vela Mestra 7242,LHN-448212,733,1433931.25,931122.5700000001
Sonar Transducer 3481,LHN-870744,668,1156067.520000001,592856.6800000002
Sonar Transducer 7487,LHN-581875,667,258769.31999999992,197532.05000000002
Tinta Antifouling 901,LHN-561045,771,424057.7100000001,219719.57999999993
Bateria Náutica 6577,LHN-438034,602,860619.2,391191.6400000003
GPS Plotter 7173,LHN-861308,661,996940.0299999998,766878.9799999999
Defensa Náutica 5036,LHN-010900,575,1489583.4999999995,716145.2499999991
GPS Plotter 3183,LHN-583542,703,1392910.1400000004,849336.4799999993
GPS Plotter 6316,LHN-694598,740,1285883.2,642941.6
Tinta Antifouling 3228,LHN-485571,657,2532268.5300000017,1200128.7600000002
Bateria Náutica 6898,LHN-614906,537,1194116.1600000004,755768.4300000006
Âncora Bruce 9985,LHN-392790,832,1787077.7600000005,1103132.1600000015
Defensa Náutica 3153,LHN-163046,726,521253.48000000004,361983.6
Âncora Bruce 831,LHN-843637,702,1406779.919999999,852593.0400000006
Cabo Náutico 8225,LHN-361341,597,813275.1900000009,502023.26999999984
Bateria Náutica 6370,LHN-996656,667,222504.52999999988,120273.44000000009
Cabo Náutico 5416,LHN-294684,746,774795.6,527071.3800000006
Bateria Náutica 5556,LHN-192859,694,1080363.679999999,554034.0800000002
Sonar Transducer 8538,LHN-784860,691,1027192.2300000004,469036.9800000004
Cabo Náutico 4851,LHN-044999,697,37902.85999999998,22833.72000000001
Sonar Transducer 4498,LHN-113846,742,403900.2799999999,305985.96000000014
Motor de Popa 684,LHN-112073,819,1522349.0100000012,704790.45
Motor de Popa 7932,LHN-676176,838,1775001.3200000012,934210.7799999998
Defensa Náutica 2949,LHN-284589,690,1587165.5999999973,886684.4999999999
Hélice de Alumínio 7846,LHN-364453,596,622146.5199999994,391285.92000000004
Colete Salva-Vidas 7201,LHN-696775,661,196171.5799999997,97114.1199999999
Colete Salva-Vidas 7959,LHN-291655,717,494199.42000000016,340825.94999999995
Defensa Náutica 497,LHN-958622,664,455185.27999999985,350140.48000000033
Motor de Popa 4350,LHN-019188,637,1302047.1100000008,930032.7400000005
Cabo Náutico 4571,LHN-750307,725,1951772.4999999993,1394124.2499999998
GPS Plotter 845,LHN-305434,699,388175.66999999987,273364.91999999987
Vela Mestra 6757,LHN-912214,661,89261.44000000006,60309.64000000004
GPS Plotter 6840,LHN-149847,763,817615.5400000003,454229.16000000027
Hélice de Alumínio 571,LHN-937943,700,2619596.0000000005,1386028.0
Hélice de Alumínio 3756,LHN-746991,769,2130437.5999999996,990902.6400000008
Bússola de Bordo 4361,LHN-466784,664,1129171.8400000005,719218.2399999999
asdf,LHN-023205,762,2744769.720000001,1338910.1999999997
Vela Mestra 1319,LHN-338726,677,148242.69000000018,74869.42999999993
GPS Pltoter 3205,LHN-954975,689,916507.8000000002,583762.1400000002
Bússola de Bordo 5772,LHN-720146,721,224937.57999999993,108142.78999999994
Bússola de Bordo 3152,LHN-766292,623,955401.65,723788.9400000004
Tinta Antifouling 901,LHN-617276,688,1996837.4399999983,1160951.8399999996
Tinta Antifouling 874,LHN-256375,614,946542.3999999998,461728.0
Defensa Náutica 3549,LHN-046155,613,542701.1600000004,262173.97000000015
Cabo Náutico 5117,LHN-403349,651,2562394.5899999994,1231919.8499999999
Sonar Transducer 2625,LHN-560155,631,1064396.0400000003,611722.9499999997
Bateria Náutica 8532,LHN-296374,778,838894.0600000006,594959.9400000002
Vela Mestra 9743,LHN-662817,683,1885360.0300000007,902085.9100000008
Âncora Bruce 2455,LHN-087764,620,777393.1999999996,407011.39999999985
Âncora Bruce 5388,LHN-217887,585,159506.10000000015,77430.60000000008
Defensa Náutica 8553,LHN-494029,675,1229309.9999999995,686765.25
Colete Salva-Vidas 8211,LHN-270917,734,1585359.26,890650.2800000003
Cabo Náutico 3217,LHN-542787,707,1590318.7300000004,819752.3599999998
Bússola de Bordo 3795,LHN-520276,585,320509.8,187434.0
Motor de Popa 9450,LHN-159194,674,985340.8199999996,490220.4199999999
Vela Mestra 1834,LHN-721129,731,299731.9299999996,188510.27999999997
Sonar Transducer 9933,LHN-597798,556,659243.6400000001,399541.60000000003
GPS Plotter 6840,LHN-759446,789,2904017.0699999966,1552949.25
Bateria Náutica 8789,LHN-027288,708,1741120.6799999983,972692.8799999994
Defensa Náutica 3209,LHN-408172,680,1816076.0000000002,1049756.8000000005
Colete Salva-Vidas 3881,LHN-630399,601,502604.2800000001,318103.28999999986
Bateria Náutica 834,LHN-201037,697,2135301.3200000017,1186280.0599999998
Hélice de Alumínio 5784,LHN-915171,772,554620.2400000001,320588.44000000006
GPS Plotter 8951,LHN-585213,672,202386.24000000008,102735.35999999999
Hélice de Alumínio 5784,LHN-982413,832,1222299.5199999998,563272.3200000002
Hélice de Alumínio 2428,LHN-517796,707,760088.6300000001,374427.19999999995
Motor de Popa 8515,LHN-913369,712,2286395.759999998,1048804.48
Bateria Náutica 5936,LHN-843270,676,2013939.2000000007,987223.6400000008
Vela Mestra 1913,LHN-479510,619,1613312.0799999996,1231537.640000001
Bússola de Bordo 5451,LHN-396779,773,881351.4099999998,652852.6100000003
Bússola de Bordo 755,LHN-737351,605,1865959.1499999987,982084.4000000012
Cabo Náutico 5921,LHN-886714,854,3209101.4199999943,1565416.1600000015
Bússola de Bordo 5407,LHN-528566,744,2178952.8000000017,1177811.5199999996
GPS Plotter 7169,LHN-333265,702,2138923.8,1137724.379999999
GPS Plotter 2098,LHN-711086,640,1535078.400000001,1009920.0
Vela Mestra 5689,LHN-237451,694,1602973.4400000023,1161575.5599999996
Cabo Náutico 4894,LHN-220347,782,968843.2599999995,523697.58000000106
Motor de Popa 684,LHN-615511,763,1115803.57,660239.1600000001
Âncora Bruce 6320,LHN-604553,711,1057889.790000001,581256.7200000002
Âncora Bruce 2417,LHN-219083,709,1163036.5100000005,553828.2600000004
GPS Plotter 5365,LHN-074615,638,177293.81999999992,128474.0600000001
Tinta Antifouling 9693,LHN-183735,739,2708671.4800000004,1368014.6300000001
Âncora Bruce 9236,LHN-399930,766,969801.9600000002,551022.1000000002
GPS Plotter 8413,LHN-742849,526,144308.09999999992,82934.41999999991
Bateria Náutica 9527,LHN-470781,697,408957.78,244883.97999999986
Vela Mestra 8056,LHN-513250,450,480505.4999999999,300316.4999999999
Sonar Transducer 6595,LHN-961992,716,1222283.6000000006,630044.1999999997
Defensa Náutica 792,LHN-476197,590,335668.6999999997,177601.79999999987
Vela Mestra 9995,LHN-781024,832,2329317.1199999996,1153127.0399999986
Vela Mestra 3870,LHN-869444,594,1253957.7599999998,883070.1000000002
GPS Plotter 7150,LHN-375294,642,1094333.9399999997,604603.5
GPS Plotter 3107,LHN-727978,609,39274.40999999999,21698.670000000002
Hélice de Alumínio 3700,LHN-822020,726,2487914.879999997,1429835.2199999988
Sonar Transducer 9061,LHN-881098,739,333178.1499999999,246796.44000000006
Vela Mestra 7171,LHN-160223,677,674894.5300000004,334106.27
Sonar Transducer 3832,LHN-872810,726,398915.22000000003,206692.20000000007
Cabo Náutico 394,LHN-545542,722,2110030.56,1318769.1000000006
Bateria Náutica 4683,LHN-182662,635,429901.3500000004,200888.59999999998
Defensa Náutica 6926,LHN-281319,704,927252.4799999985,572380.1600000001
Defensa Náutica 2623,LHN-588613,735,3034131.4499999983,1424474.1000000015
Hélice de Alumínio 5003,LHN-518595,649,795271.620000001,576286.04
Tinta Antifouling 3290,LHN-579567,631,941262.7000000002,468290.34000000026
Sonar Transducer 4571,LHN-566787,611,1436473.2200000007,875899.0499999999
Sonar Transducer 6909,LHN-084998,660,2329140.0,1213093.2000000007
Âncora Bruce 7571,LHN-573243,616,364025.20000000007,254562.0
Colete Salva-Vidas 8571,LHN-999204,709,1010431.3500000001,777255.4300000005
Cabo Náutico 8945,LHN-932798,676,551392.92,268973.6400000002
Hélice de Alumínio 4633,LHN-969942,638,1909680.7399999995,979323.6199999999
Vela Mestra 8489,LHN-816734,699,1117358.4900000012,529555.4099999999
Hélice de Alumínio 8208,LHN-601702,751,282871.6600000001,189845.28999999986
Bateria Náutica 1945,LHN-174868,733,1746467.7899999993,900241.2799999997
Colete Salva-Vidas 4674,LHN-902059,667,1794550.1599999995,1246216.1300000004
Sonar Transducer 869,LHN-931901,600,1968672.0000000007,937463.9999999998
Vela Mestra 5825,LHN-959770,670,418173.8000000005,203988.20000000004
Hélice de Alumínio 9928,LHN-115271,577,601459.0300000006,388038.2700000002
Bateria Náutica 6163,LHN-437165,581,1233945.2299999997,659864.9399999996
Âncora Bruce 7053,LHN-449939,640,1601055.999999999,741228.8000000004
Bateria Náutica 5487,LHN-353962,732,868283.7599999995,466818.36000000016
Âncora Bruce 7031,LHN-965938,669,1325315.7600000005,619306.6799999995
Colete Salva-Vidas 7573,LHN-609811,703,2228959.919999998,1017789.3400000015
Bateria Náutica 1945,LHN-791661,827,2484473.4000000004,1613295.060000002
Colete Salva-Vidas 3392,LHN-169951,774,1094861.7000000002,526374.1800000002
Cabo Náutico 9796,LHN-419128,568,1157606.7200000004,776916.0800000007
Bateria Náutica 5090,LHN-242043,715,1315235.3499999985,674480.95
Colete Salva-Vidas 4753,LHN-958088,604,536345.9599999997,277900.39999999997
Tinta Antifouling 5779,LHN-427636,582,1022713.6799999992,725329.1400000001
Tinta Antifouling 5779,LHN-392486,685,1629573.8999999978,848735.5500000012
Hélice de Alumínio 290,LHN-061470,690,2063507.0999999999,946562.7000000002
Cabo Náutico 6215,LHN-935624,641,1051124.6199999996,525562.3099999998
Bateria Náutica 5611,LHN-682884,626,538635.4400000005,260209.42
Sonar Transducer 9995,LHN-868053,649,151807.59000000017,100536.59000000004
Tinta Antifouling 3620,LHN-529896,588,2041053.8400000012,1115330.1599999992
Genérico,LHN-885258,714,2076604.7400000007,1357256.8800000001
Âncora Bruce 3286,LHN-233989,654,1309314.5400000012,689113.2600000002
Vela Mestra 5034,LHN-692364,636,1673862.9599999997,760846.8000000004
Vela Mestra 8056,LHN-404411,612,154952.2800000001,115637.4
Sonar Transducer 1176,LHN-568743,696,811229.7599999998,466222.55999999924
Sonar Transducer 8490,LHN-926760,610,1286160.6000000006,598214.7999999997
Âncora Bruce 3597,LHN-611667,707,534103.1499999999,269748.77999999997
Vela Mestra 2410,LHN-475654,663,1822520.7000000004,969425.34
Motor de Popa 2640,LHN-462189,597,962489.3700000005,569520.0899999996
Sonar Transducer 8490,LHN-028460,544,1687602.2399999986,799810.5599999992
Bússola de Bordo 702,LHN-795790,776,958460.8800000019,481639.9200000004
Bússola de Bordo 8959,LHN-315705,761,2057926.639999996,1239714.6600000006
Bússola de Bordo 1900,LHN-940850,709,733815.0,447449.9000000001
Cabo Náutico 5724,LHN-102830,697,1623229.3599999987,1111798.6399999987
Bateria Náutica 9124,LHN-973753,589,1151459.6599999992,852930.8999999999
Tinta Antifouling 5865,LHN-940190,737,2395286.85,1146071.8499999999
Hélice de Alumínio 9713,LHN-237052,679,2093811.9300000002,1031434.9499999998
Bateria Náutica 834,LHN-042718,634,168371.38000000027,114538.44000000015
Motor de Popa 2175,LHN-100901,702,1833329.1600000004,1047615.66
Bateria Náutica 1945,LHN-039200,786,41320.01999999994,23084.820000000007
Tinta Antifouling 3067,LHN-354919,675,329305.49999999965,179948.24999999988
Tinta Antifouling 6054,LHN-771654,785,1968834.9499999986,1041710.7000000004
Tinta Antifouling 6853,LHN-725276,704,1831582.7200000007,1028980.4799999984
Motor de Popa 8515,LHN-129395,728,836333.6799999999,643333.5999999999
Cabo Náutico 9307,LHN-392733,856,2196050.8799999985,1483816.0800000003
GPS Plotter 7720,LHN-210485,627,1451511.2700000012,895995.5400000006
GPS Plotter 2111,LHN-247083,640,1778111.9999999995,998937.6000000003
Hélice de Alumínio 549,LHN-301594,726,2503095.540000003,1221023.0999999996
Sonar Transducer 7487,LHN-185115,523,1132185.1700000002,599038.9700000004
Âncora Bruce 7053,LHN-387803,689,1740641.3699999994,1108690.5700000015
Motor de Popa 7678,LHN-037844,733,303945.78000000026,191159.0699999999
GPS Plotter 4088,LHN-655066,676,2788554.0800000015,1285048.9599999995
Bússola de Bordo 3641,LHN-673210,542,604286.6399999999,349297.31999999983
Defensa Náutica 1161,LHN-224847,670,1081962.8999999987,644024.1
Cabo Náutico 6564,LHN-131621,673,291106.15,203569.04000000004
Âncora Bruce 4405,LHN-215053,712,1551106.24,1062403.6800000002
Colete Salva-Vidas 9810,LHN-191329,745,2054143.799999996,1275864.6500000001
Colete Salva-Vidas 4753,LHN-453992,646,1424998.4800000007,814283.0
Defensa Náutica 3549,LHN-480793,613,962177.0599999985,469355.7100000001
Bússola de Bordo 5407,LHN-100755,631,1445898.6399999992,892530.5699999996
GPS Plotter 3183,LHN-485834,585,863933.8500000004,438545.24999999994
Motor de Popa 8491,LHN-397581,756,551766.5999999999,408716.2800000003
Bússola de Bordo 2683,LHN-761757,632,1692009.359999999,813466.1600000011
Âncora Bruce 1018,LHN-560570,704,73180.79999999994,41113.600000000035
Colete Salva-Vidas 502,LHN-368776,590,105362.20000000011,60551.699999999975
Bateria Náutica 948,LHN-224382,641,659082.6100000002,488211.2400000006
Motor de Popa 6014,LHN-353137,613,1503498.9699999983,864078.6700000004
GPS Plotter 5365,LHN-576997,608,1863915.2,1116117.7599999993
Tinta Antifouling 5779,LHN-871349,670,598691.9,297855.1999999998
Âncora Bruce 1231,LHN-242413,702,843010.7399999987,415275.11999999936
Âncora Bruce 831,LHN-698979,762,1778850.9000000004,941191.9199999993
Motor de Popa 7678,LHN-825451,797,422314.36000000004,255948.5800000002
Defensa Náutica 2321,LHN-296616,711,44572.59000000001,25325.820000000014
Motor de Popa 1540,LHN-610716,653,1356052.45,674653.48
Hélice de Alumínio 7225,LHN-390007,663,1695609.2400000002,1053175.5
Hélice de Alumínio 1281,LHN-258023,735,1071762.2999999998,754764.1500000005
Sonar Transducer 5950,LHN-912435,763,1315625.6400000015,611918.3699999988
Motor de Popa 4710,LHN-968944,630,1390542.3,832658.3999999999
Âncora Bruce 7525,LHN-537386,803,1988838.2800000035,984574.3599999982
Bateria Náutica 5523,LHN-730053,795,2236017.0000000005,1500681.7499999998
Vela Mestra 6445,LHN-231402,709,584613.0399999995,301346.2699999997
Motor de Popa 684,LHN-134362,714,1535064.3000000003,1066016.2800000005
Âncora Bruce 2687,LHN-232031,815,667281.25,353057.99999999994
Colete Salva-Vidas 1890,LHN-616600,686,1907512.1799999992,908339.4599999991
Defensa Náutica 9426,LHN-069027,609,560688.0300000003,264476.5199999996
Âncora Bruce 5302,LHN-825943,707,1682483.25,909449.4499999997
Tinta Antifouling 569,LHN-810046,681,1842499.9799999993,1325539.2599999988
Âncora Bruce 7571,LHN-448842,662,1384619.3399999994,893302.7999999999
Hélice de Alumínio 3700,LHN-923338,673,1413737.450000001,642607.3200000003
Sonar Transducer 6909,LHN-261552,731,1763712.939999997,1183700.9900000007
Bússola de Bordo 3611,LHN-811838,743,1284713.8699999999,850801.8700000006
GPS Plotter 8413,LHN-509603,501,162073.5,79448.58000000006
Defensa Náutica 7487,LHN-660514,655,475169.74999999994,230664.80000000025
Bateria Náutica 5523,LHN-067210,636,2768845.080000001,1270111.08
Cabo Náutico 5921,LHN-041332,613,1440923.9299999997,1007637.1400000013
Colete Salva-Vidas 3881,LHN-252094,732,2405220.24,1129212.4800000002
Bússola de Bordo 1900,LHN-412438,699,1277052.0299999989,851368.0199999996
Tinta Antifouling 9285,LHN-744271,653,1625858.9899999998,817014.0100000004
Colete Salva-Vidas 3398,LHN-424788,840,3272715.5999999996,1581022.7999999998
Âncora Bruce 6850,LHN-907998,733,1353851.0,747982.5199999998
Motor de Popa 4415,LHN-095344,613,902697.6700000003,649424.4600000002
Cabo Náutico 5471,LHN-568799,744,488763.36000000086,364746.0
Âncora Bruce 4975,LHN-920996,802,2217562.08,1478374.7200000002
Sonar Transducer 594,LHN-884225,633,2363913.1799999983,1218512.339999999
Bateria Náutica 2738,LHN-905808,750,1374105.000000001,715679.9999999995
Caboo Náutico 4942,LHN-199903,620,1309687.9999999993,803488.9999999999
Tinta Antifouling 5097,LHN-721988,664,2084296.0,1204794.8
Bateria Náutica 9984,LHN-149020,611,2142795.3300000015,1121881.5400000005
GPS Plotter 2659,LHN-913107,711,807233.8499999999,378984.33000000013
Âncora Bruce 7665,LHN-507774,593,1440284.3300000015,809148.5
Tinta Antifouling 5225,LHN-715137,583,62812.42000000005,30490.900000000005
Colete Salva-Vidas 9616,LHN-989289,638,612665.0200000003,324161.42000000004
Âncora Bruce 4975,LHN-504176,657,502210.7999999999,268561.88999999996
Bússola de Bordo 180,LHN-854199,672,656550.72,388489.9199999995
GPS Plotter 6626,LHN-920389,639,1134876.7800000005,671525.1
Tinta Antifouling 3228,LHN-156424,589,1027728.4299999987,561599.72
Hélice de Alumínio 1674,LHN-488524,619,693137.6300000006,417552.6399999995
Defensa Náutica 3209,LHN-721865,649,1637394.5500000005,992359.9400000008
Motor de Popa 8838,LHN-587206,635,1519586.7499999998,763612.8999999998
Bússola de Bordo 994,LHN-233987,642,1062952.979999999,636498.0599999997
Hélice de Alumínio 314,LHN-934721,779,299058.1000000001,206248.0399999999
Defensa Náutica 497,LHN-973275,603,1204980.9300000016,640946.7899999999
Âncora Bruce 7031,LHN-510659,739,2092936.6800000016,1453428.25
Cabo Náutico 9048,LHN-021213,764,2787507.479999999,1429489.8400000015
Bússola de Bordo 994,LHN-953756,528,1422558.7199999986,1030840.8
Hélice de Alumínio 9811,LHN-559862,633,1990025.4000000004,1015319.3399999995
Cabo Náutico 394,LHN-455459,767,1004716.31,598045.2399999995
Vela Mestra 7122,LHN-556102,780,2237695.200000001,1316288.9999999998
Sonar Transducer 2625,LHN-237835,773,2171465.220000001,1262479.0599999991
Tinta Antifouling 3953,LHN-094597,740,2253603.4,1417359.0
GPS Plotter 2111,LHN-575869,776,2303136.959999999,1286670.0799999998
Sonar Transducer 2625,LHN-629884,625,739931.2500000001,496599.9999999993
Tinta Antifouling 8834,LHN-099402,721,1620743.1100000013,976349.3599999993
Defensa Náutica 2783,LHN-537793,735,195737.85000000006,109963.3500000002
Colete Salva-Vidas 9810,LHN-453118,638,1076446.3599999992,685633.08
Hélice de Alumínio 571,LHN-679441,720,1982397.5999999992,1173016.7999999996
NAO INFORMADO,LHN-035301,670,650516.4000000001,312749.3
Âncora Bruce 7665,LHN-812881,616,763550.4800000009,526587.5999999999
Colete Salva-Vidas 280,LHN-360466,691,321639.77000000014,163269.47999999978
Bússola de Bordo 2331,LHN-966561,766,1137456.3799999997,653712.0599999998
Sonar Transducer 9933,LHN-149282,566,1808160.5799999998,936871.5
Colete Salva-Vidas 9616,LHN-010722,617,747409.1199999995,470067.61999999965
GPS Plotter 1152,LHN-704201,553,2202820.2,1090504.9399999995
Âncora Bruce 4405,LHN-964357,643,75828.99000000003,50893.44999999995
Bateria Náutica 7848,LHN-653353,700,906135.9999999994,651896.0000000002
Defensa Náutica 5998,LHN-251147,749,780435.5299999991,364688.0999999999
Âncora Bruce 2416,LHN-064671,623,42245.63000000004,26078.78000000001
GPS Plotter 475,LHN-199507,651,218683.91999999987,157327.1699999999
Hélice de Alumínio 4633,LHN-873513,870,1849724.4000000004,1401309.0000000005
Cabo Náutico 7323,LHN-019959,690,1654902.8999999994,1110672.300000001
Cabo Náutico 3217,LHN-714900,620,1133887.0000000005,558564.2000000002
Motor de Popa 4783,LHN-833261,861,3009565.2299999995,1635633.089999998
Vela Mestra 1319,LHN-980966,732,807103.2000000001,611439.6000000001
Hélice de Alumínio 5003,LHN-571777,721,93967.9300000001,52496.009999999995
Defensa Náutica 8531,LHN-074098,655,352972.9500000003,208859.84999999992
Defensa Náutica 3549,LHN-592076,662,1110365.9800000004,572351.9599999996
Vela Mestra 1913,LHN-210217,654,1109412.9000000004,586991.16
Tinta Antifouling 3067,LHN-800943,656,1418114.560000002,920853.4399999996
Hélice de Alumínio 549,LHN-774541,611,2294903.7799999984,1195262.6399999992
Vela Mestra 3870,LHN-152723,752,1071855.6800000013,498538.4000000001
Vela Mestra 9743,LHN-076893,628,518062.32000000076,317830.80000000005
Cliente Genérico,LHN-437436,581,1389926.3,863307.9
Bateria Náutica 9124,LHN-214973,648,1659599.2800000003,775513.4400000008
GPS Plotter 4422,LHN-420141,720,1153058.3999999987,694612.7999999999
Âncora Bruce 3524,LHN-109562,857,2491718.929999997,1607560.599999999
Âncora Bruce 8139,LHN-338809,634,868897.0,421793.8599999999
GPS Plotter 2508,LHN-278353,798,1574110.8600000008,1192507.2599999988
Bateria Náutica 4055,LHN-867120,736,1086313.919999999,620749.7599999998
Motor de Popa 1923,LHN-237655,689,1558407.7600000005,851590.2199999996
Motor de Popa 9450,LHN-478857,690,1009987.5,742640.0999999997
Bússola de Bordo 2458,LHN-207207,635,152634.95000000004,113061.75
Motor de Popa 9800,LHN-997213,724,375032.0,216780.08000000002
Defensa Náutica 9755,LHN-763408,648,84816.71999999984,41374.79999999999
GPS Plotter 5928,LHN-344703,699,658206.3600000009,444731.75999999983
Motor de Popa 1949,LHN-581742,637,1718441.2699999993,781108.5099999997
TBD,LHN-688074,665,1081017.3499999996,578084.5000000001
Bússola de Bordo 5772,LHN-801131,688,1451301.6000000003,788750.7199999999
Bateria Náutica 8789,LHN-761586,750,482714.99999999965,245032.50000000015
Motor de Popa 2911,LHN-599210,662,359333.60000000003,215169.85999999964
Colete Salva-Vidas 8800,LHN-105883,683,1166181.519999999,757262.5899999992
Hélice de Alumínio 9811,LHN-017277,725,994598.4999999994,520731.25
Âncora Bruce 3597,LHN-561314,786,2510947.7399999998,1184407.680000001
Sonar Transducer 6256,LHN-727967,640,1047091.1999999997,698060.7999999995
Vela Mestra 1834,LHN-524292,755,307292.55000000016,186235.85000000006
Bateria Náutica 5770,LHN-794140,672,685272.0,376521.5999999999
Sonar Transducer 7193,LHN-511507,719,1252915.0200000003,928085.1999999997
GPS Plotter 2249,LHN-206789,697,1838630.2400000002,1382429.8000000003
Bússola de Bordo 7525,LHN-645763,701,995686.3800000018,532451.5599999991
Tinta Antifouling 3557,LHN-476482,695,1248685.65,660680.8999999992
Cabo Náutico 8945,LHN-253749,696,2715374.4,1385394.9600000016
Cabo Náutico 2105,LHN-131725,652,405204.96000000025,202602.48000000013
GPS Plotter 4567,LHN-790801,606,440392.32,287837.88
Cabo Náutico 1373,LHN-457547,626,949986.3000000002,650676.9200000002
Motor de Popa 9201,LHN-383939,736,724739.1999999998,333982.0799999998
Motor de Popa 9645,LHN-171212,679,2547316.0299999984,1347787.8399999996
Tinta Antifouling 9693,LHN-268605,670,633980.7999999996,422656.0999999998
Defensa Náutica 7487,LHN-754714,651,1110482.3100000005,816529.7700000003
Âncora Bruce 3938,LHN-556836,677,2135447.5600000015,1141950.060000001
Bateria Náutica 3343,LHN-994013,746,1899733.760000002,1158373.8800000015
Bússola de Bordo 3152,LHN-835642,726,448595.39999999997,216711.0
Sonar Transducer 1236,LHN-838174,671,1573474.869999999,855149.24
NAO INFORMADO,LHN-310750,547,734653.8200000002,363689.3600000003
Bússola de Bordo 7825,LHN-924564,739,1945690.9300000006,963212.5999999997
GPS Plotter 830,LHN-413832,663,208301.33999999976,141702.99000000008
Âncora Bruce 2284,LHN-623775,580,1058001.2000000004,503811.2000000005
Bússola de Bordo 702,LHN-304058,670,1178442.8999999997,636995.7999999993
Bússola de Bordo 679,LHN-432994,699,2196761.279999999,1066387.4100000001
Bússola de Bordo 2683,LHN-022857,665,764483.9999999995,579155.15
Vela Mestra 7171,LHN-262711,691,2241016.6500000004,1185721.4500000004
Colete Salva-Vidas 326,LHN-093157,704,1134031.3599999999,644336.0
Bateria Náutica 684,LHN-834456,640,451481.6000000008,295084.8000000003
Vela Mestra 1741,LHN-189341,648,670407.8399999999,507882.9599999997
Tinta Antifouling 9500,LHN-141578,692,2433549.4799999995,1344500.64
Âncora Bruce 7226,LHN-145691,754,1024821.7200000002,478888.02000000054
Cabo Náutico 7039,LHN-621446,731,766862.8600000002,467598.7700000002
Defensa Náutica 4517,LHN-715346,610,217647.99999999985,142252.00000000003
João da Silva,LHN-144525,772,35319.0,26757.519999999957
Vela Mestra 8368,LHN-261846,680,1008562.4000000001,667923.1999999995
Cabo Náutico 7174,LHN-263950,846,58653.18000000007,34914.41999999999
Bússola de Bordo 4621,LHN-806234,869,1839394.920000002,888595.9500000004
Tinta Antifouling 5225,LHN-983578,554,1270671.0200000003,596558.2800000001
Bússola de Bordo 1762,LHN-545453,749,67042.98999999995,42430.84999999998
Sonar Transducer 4635,LHN-951367,585,857814.7499999998,568087.65
GPS Plotter 7173,LHN-037674,661,1649327.2000000004,958912.7
Motor de Popa 5396,LHN-387219,752,1388176.9599999995,811799.0400000003
GPS Plotter 3411,LHN-743815,739,318605.0700000001,222801.11000000004
Bateria Náutica 4055,LHN-182063,597,318183.09,192836.96999999997
Motor de Popa 9560,LHN-837701,672,1478265.5999999999,799061.7599999997
Defensa Náutica 1200,LHN-417099,609,212985.57000000004,120332.30999999992
Cabo Náutico 9175,LHN-817855,651,415832.7600000001,288770.5800000001
Motor de Popa 8825,LHN-288929,709,1730123.0699999996,1281574.2199999995
Bateria Náutica 2738,LHN-541810,490,929495.7000000004,584589.5999999999
Hélice de Alumínio 8340,LHN-302669,660,354598.2000000001,218889.0000000001
Cabo Náutico 4851,LHN-044085,609,135733.91999999998,74578.13999999997
GPS Plotter 9763,LHN-620395,735,542437.3500000003,291633.29999999964
Defensa Náutica 7459,LHN-743980,729,1206451.2599999988,673996.9500000001
Âncora Bruce 2455,LHN-340543,605,892701.7000000001,421086.05000000016
Motor de Popa 4350,LHN-430132,709,2428558.9699999993,1202258.3900000006
GPS Plotter 2249,LHN-014296,783,787964.2199999997,521830.35000000015
asdf,LHN-073013,710,910866.0999999996,555404.6000000006
Colete Salva-Vidas 3098,LHN-047540,611,1751639.24,799835.6600000001
GPS Plotter 7173,LHN-468573,689,1314549.99,859183.0
Bússola de Bordo 7303,LHN-012185,714,1526803.3199999998,942472.8599999996
Colete Salva-Vidas 1890,LHN-011955,656,1815486.5600000028,1100295.680000001
GPS Plotter 830,LHN-759550,724,402710.52000000025,235502.71999999956
GPS Plotter 6316,LHN-817322,723,1399850.9099999995,914934.8099999992
Bússola de Bordo 6287,LHN-501122,656,675588.159999999,465924.0
Sonar Transducer 1690,LHN-353941,602,1589424.479999998,1111484.6399999994
Bússola de Bordo 4621,LHN-906906,760,1459314.0000000002,726027.9999999999
GPS Plotter 4446,LHN-565796,732,1525583.1599999992,1113562.3199999998
Colete Salva-Vidas 9822,LHN-878599,561,485562.3300000002,258278.7900000001
GPS Plotter 3436,LHN-702543,668,838774.2,566737.88
Motor de Popa 6014,LHN-424236,780,824990.3999999999,376708.79999999993
Tinta Antifouling 866,LHN-872048,698,85546.87999999993,54143.85999999993
Bateria Náutica 9272,LHN-340446,672,2544151.679999997,1298035.2
Bússola de Bordo 6310,LHN-256482,676,616816.1999999997,392877.6799999998
Bússola de Bordo 7461,LHN-359577,635,973150.2000000005,589787.9999999998
Vela Mestra 6757,LHN-870824,661,639590.21,402258.15999999945
Sonar Transducer 9366,LHN-770929,710,1498810.0,851595.2999999997
Defensa Náutica 417,LHN-395551,601,819980.3599999989,448075.5500000001
Defensa Náutica 6113,LHN-788662,607,358051.0899999999,188449.21999999997
Bateria Náutica 1358,LHN-872306,683,377528.25,288191.85000000003
GPS Plotter 649,LHN-193662,707,217918.60999999996,167629.70000000004
Cabo Náutico 9083,LHN-829588,653,680589.25,511723.45
GPS Plotter 1842,LHN-351398,706,2083787.2400000019,1120316.1
Vela Mestra 9165,LHN-076205,642,1630943.2199999997,1226271.3599999999
Defensa Náutica 5959,LHN-698603,682,1051425.7600000005,559267.2800000003
Tinta Antifouling 849,LHN-219421,855,1778357.25,1139971.5
Bússola de Bordo 1854,LHN-090721,710,656678.9999999999,393219.3
Defensa Náutica 9426,LHN-987450,709,2629333.59,1406060.4399999985
Cabo Náutico 2366,LHN-910322,734,822564.4399999996,504639.6799999998
Colete Salva-Vidas 2217,LHN-870565,739,1444937.1400000027,722468.5700000013
Âncora Bruce 5445,LHN-708270,617,585212.16,300108.79999999993
Vela Mestra 2993,LHN-260177,629,1750903.2699999993,989209.4299999997
Colete Salva-Vidas 3456,LHN-544876,626,256315.7,194178.94000000003
Cabo Náutico 5416,LHN-182276,726,2897211.8999999994,1434263.8199999994
Motor de Popa 1279,LHN-610194,649,1052619.5899999992,736095.7999999996
Bateria Náutica 5936,LHN-260560,794,2849157.8400000012,1383084.480000001
Âncora Bruce 326,LHN-990985,784,1716191.6800000004,1065957.760000001
Colete Salva-Vidas 502,LHN-971490,713,384192.92,220801.8399999997
Bateria Náutica 2654,LHN-557467,787,1961282.7000000004,1225799.7200000014
Sonar Transducer 869,LHN-207525,677,323193.0300000002,205855.3900000002
Bússola de Bordo 5451,LHN-132378,795,2099881.1999999993,1264988.1000000003
GPS Plotter 6249,LHN-947731,834,684830.7600000004,447599.4600000008
Cabo Náutico 4894,LHN-510202,766,745731.6399999999,418948.3799999995
Bússola de Bordo 7024,LHN-604235,721,2263168.530000001,1172627.1900000009
Colete Salva-Vidas 2374,LHN-353117,950,3155719.5000000023,1467778.5000000012
Defensa Náutica 2623,LHN-504244,729,2301956.0099999984,1346171.4000000008
Hélice de Alumínio 4260,LHN-508159,682,1729415.5999999999,1281048.3399999996
Vela Mestra 807,LHN-587279,639,1414107.0,732696.5700000009
Bateria Náutica 7848,LHN-929005,811,2383723.6399999973,1589146.3899999973
Sonar Transducer 9366,LHN-860529,681,709922.0699999995,385827.35999999946
Motor de Popa 3225,LHN-339516,659,169936.33,103621.16000000002
Bateria Náutica 2619,LHN-479470,715,2745850.2499999995,1271227.0999999987
GPS Plotter 6249,LHN-777708,583,1380602.3000000003,686867.2799999997
Bateria Náutica 2619,LHN-816287,674,864701.5599999997,608945.52
GPS Plotter 8413,LHN-963869,603,1475112.8700000006,1126042.1999999995
Cabo Náutico 4571,LHN-703402,583,1619935.4600000007,767741.0400000011
Motor de Popa 1606,LHN-788708,604,1356143.0800000003,802450.2400000002
Colete Salva-Vidas 3398,LHN-868199,798,1280933.6399999994,612887.9400000003
Âncora Bruce 1231,LHN-649334,558,1960326.5399999993,1101307.86
Hélice de Alumínio 4091,LHN-415543,683,352940.25,229180.65000000002
Bateria Náutica 4361,LHN-258791,765,1894514.8499999966,902149.2000000012
Bússola de Bordo 3993,LHN-110984,743,1135853.8199999984,718897.08
Bateria Náutica 684,LHN-048879,573,690934.86,416227.2000000002
Defensa Náutica 9651,LHN-747816,669,331375.76999999984,207109.02000000005
Cabo Náutico 6511,LHN-749820,656,483222.72000000003,337918.71999999986
Defensa Náutica 5036,LHN-604641,774,593758.6200000008,395839.07999999996
Defensa Náutica 7831,LHN-395492,580,807209.1999999993,436328.1999999999
Sonar Transducer 9366,LHN-918614,739,2757112.9300000034,1351527.539999999
Vela Mestra 5034,LHN-702214,565,1008790.5499999992,542360.4499999998
Bateria Náutica 5653,LHN-824824,582,221840.9400000001,100837.31999999995
Bússola de Bordo 553,LHN-230372,673,581943.0999999999,338337.2900000002
Bússola de Bordo 994,LHN-107544,594,675128.5199999999,485701.9199999996
Colete Salva-Vidas 6879,LHN-719451,667,260436.82,182124.34999999995
Vela Mestra 7122,LHN-937664,669,1768387.7699999998,1178925.1799999992
Hélice de Alumínio 9192,LHN-611591,760,176388.39999999988,97994.4000000001
Defensa Náutica 6521,LHN-513044,577,2113360.59,1061991.5799999998
GPS Plotter 3436,LHN-968395,734,2244843.580000001,1181497.7800000003
asdf,LHN-134712,634,1109360.5200000007,846840.1399999998
Caboo Náutico 4942,LHN-577354,514,1594690.1400000018,728168.3800000001
Vela Mestra 3325,LHN-081972,690,1555301.4000000013,984367.7999999983
Bússola de Bordo 1372,LHN-541482,709,493634.15999999957,318475.71000000025
Motor de Popa 4350,LHN-663270,646,793837.0999999996,402961.8800000001
GPS Plotter 4567,LHN-518587,702,1804834.9799999974,965151.7199999995
Motor de Popa 2690,LHN-407465,781,682547.1400000004,411173.0699999999
Vela Mestra 5566,LHN-980298,710,1703943.2000000004,792530.3999999998
Hélice de Alumínio 6668,LHN-651524,646,1703999.4200000013,1092308.4800000011
Sonar Transducer 1236,LHN-999365,603,154916.7300000001,73421.27999999994
Bateria Náutica 8635,LHN-244263,662,1598994.7999999998,807573.7999999998
Cabo Náutico 7064,LHN-644232,732,307491.24000000034,163558.08
Bateria Náutica 9984,LHN-208087,656,192437.59999999998,124154.56
Defensa Náutica 9513,LHN-794810,619,2412342.0399999986,1212231.029999999
Cabo Náutico 2862,LHN-119475,706,1374906.7599999993,790176.3799999998
Bússola de Bordo 799,LHN-763314,718,2043169.5199999996,1026718.4599999987
Vela Mestra 6861,LHN-759108,598,1625896.2200000002,842432.5
Sonar Transducer 455,LHN-375163,653,1422906.590000001,813089.4799999993
Tinta Antifouling 866,LHN-911726,726,51785.58000000006,36989.700000000004
Bússola de Bordo 4659,LHN-965695,619,836064.7299999995,568749.5800000001
Bússola de Bordo 4621,LHN-285203,656,1480270.5600000022,881112.9599999998
Motor de Popa 5440,LHN-474181,735,995439.8999999999,765722.9999999998
Hélice de Alumínio 728,LHN-019954,754,302625.43999999954,208707.1999999999
GPS Plotter 7021,LHN-811383,629,1841762.32,1052436.5099999995
Colete Salva-Vidas 7959,LHN-752236,629,685383.5600000006,412881.89
Hélice de Alumínio 1155,LHN-828849,824,1519192.3200000008,839334.6399999994
Bússola de Bordo 553,LHN-145249,673,1832276.15,964355.16
Âncora Bruce 9236,LHN-163314,768,414282.2399999995,243694.07999999984
Vela Mestra 8105,LHN-015632,678,526222.9200000005,260507.94000000006
Bateria Náutica 6577,LHN-136796,686,2389461.480000001,1298618.580000001
Tinta Antifouling 4321,LHN-812993,739,2487030.599999999,1288616.4699999993
Cabo Náutico 2300,LHN-106677,728,651356.1599999997,359864.96000000037
Bússola de Bordo 8959,LHN-503948,744,1926416.8800000008,1024688.8800000002
Bússola de Bordo 7825,LHN-612730,702,170543.88000000003,113695.91999999994
Hélice de Alumínio 1155,LHN-129715,680,1049328.4000000018,676987.5999999996
Bússola de Bordo 3152,LHN-429246,751,2613337.3100000024,1313236.1499999992
Hélice de Alumínio 7117,LHN-868728,625,1666200.0000000005,1034906.25
Hélice de Alumínio 5784,LHN-860026,645,382930.0500000005,208115.70000000016
Motor de Popa 9560,LHN-975882,689,1207286.4699999995,783951.0900000004
Bússola de Bordo 8014,LHN-981462,561,541297.6800000002,389423.76000000024
Tinta Antifouling 849,LHN-563391,663,1510055.4300000002,762655.5300000004
Bússola de Bordo 9356,LHN-451355,685,1669173.75,953814.5500000002
Sonar Transducer 1176,LHN-768668,704,1594032.0,821666.5600000005
Bússola de Bordo 2331,LHN-777479,671,2380701.2899999977,1330002.5199999996
Colete Salva-Vidas 8874,LHN-658377,701,179890.61999999988,95181.77999999998
GPS Plotter 7543,LHN-292504,789,2880804.690000001,1391693.4299999997
Cabo Náutico 4571,LHN-031502,682,764978.94,413503.41999999934
Bateria Náutica 2619,LHN-749348,751,1500437.9200000004,753988.9799999999
Sonar Transducer 5255,LHN-205267,636,378063.84000000055,257185.68000000008
Bússola de Bordo 2692,LHN-061444,653,2046763.2,1303668.7900000007
Defensa Náutica 3153,LHN-682824,673,2061802.8000000007,1178173.990000001
Tinta Antifouling 2982,LHN-915311,709,1508234.4300000002,973052.8699999994
Hélice de Alumínio 7846,LHN-451869,651,898881.2700000006,665836.29
Vela Mestra 3395,LHN-931968,547,936316.3099999997,480162.0699999993
Defensa Náutica 2623,LHN-325504,588,633693.4799999997,324969.9600000001
Bússola de Bordo 180,LHN-471942,672,933555.8399999986,662094.7200000003
Cabo Náutico 5157,LHN-965787,807,91271.69999999998,42851.69999999998
Bússola de Bordo 6310,LHN-218363,519,1533068.9100000004,970296.4499999998
Colete Salva-Vidas 1933,LHN-188119,607,925383.6400000005,422550.91000000003
Bateria Náutica 5611,LHN-567780,654,1745493.3000000007,819481.6200000006
Sonar Transducer 4970,LHN-626693,610,532237.2000000001,248709.20000000036
Cabo Náutico 5453,LHN-057852,689,251354.09000000005,178264.96999999997
Defensa Náutica 4517,LHN-967929,694,1033782.3999999994,666954.8200000009
Tinta Antifouling 874,LHN-444755,691,551666.7599999994,251904.05
Motor de Popa 8515,LHN-899497,630,911099.6999999996,526648.4999999998
Motor de Popa 1365,LHN-033536,640,64108.79999999995,40320.0
asdf,LHN-138558,670,809574.4000000004,539718.5
GPS Plotter 3183,LHN-259372,618,1727798.220000001,1016350.4400000001
Defensa Náutica 497,LHN-231399,736,816437.4399999998,477450.56
Motor de Popa 6346,LHN-628818,645,843279.4499999994,648676.5000000002
Cabo Náutico 7039,LHN-770782,693,2207163.419999997,1103581.7099999986
Hélice de Alumínio 8603,LHN-409534,734,2390645.340000002,1271618.3
Hélice de Alumínio 2016,LHN-639347,609,640795.8899999999,430063.61999999976
Hélice de Alumínio 8208,LHN-861962,656,1675784.7999999989,1289066.2399999995
Cabo Náutico 8341,LHN-617427,616,1589255.3599999994,749647.3600000003
Vela Mestra 9743,LHN-310424,887,2222990.5299999975,1208147.2200000014
Hélice de Alumínio 4479,LHN-716219,621,922470.6600000004,640604.9700000002
Motor de Popa 1845,LHN-225328,820,851438.8000000006,595410.1999999995
Tinta Antifouling 179,LHN-222588,716,852877.7199999997,416038.95999999944
Hélice de Alumínio 9238,LHN-687366,697,1647568.6000000006,762761.9499999997
Defensa Náutica 2684,LHN-564335,644,1146101.0399999996,636722.8
Tinta Antifouling 9285,LHN-788016,710,2112122.1999999993,1320074.6000000015
Tinta Antifouling 3228,LHN-753573,724,2030016.3599999996,1326809.6399999997
Sonar Transducer 7919,LHN-604492,775,47445.500000000044,36215.74999999999
Defensa Náutica 9030,LHN-189084,612,1429950.240000001,1099959.8399999999
GPS Plotter 6249,LHN-297432,835,989892.5,546899.9499999995
Defensa Náutica 9969,LHN-824534,755,1922365.9000000001,1256448.3499999999
Hélice de Alumínio 7333,LHN-140436,718,899424.2399999999,508150.14000000025
Hélice de Alumínio 393,LHN-467801,581,504360.2899999998,277119.57000000036
Motor de Popa 8838,LHN-252843,634,414927.63999999984,192095.66000000018
Defensa Náutica 6926,LHN-850651,806,2632347.6399999987,1371014.060000002
Âncora Bruce 5302,LHN-622042,720,610955.9999999998,469965.60000000015
Defensa Náutica 9143,LHN-571657,696,922979.5199999985,587883.3599999999
Tinta Antifouling 693,LHN-144442,701,885334.9600000002,438286.2300000002
Sonar Transducer 5593,LHN-719047,738,861164.8200000008,462991.6799999994
Defensa Náutica 824,LHN-173874,645,262373.09999999957,148233.90000000014
GPS Plotter 3107,LHN-686875,665,565043.8500000006,374202.14999999997
Bússola de Bordo 2458,LHN-994648,688,1499062.5599999998,948772.6400000007
GPS Plotter 6626,LHN-413518,700,117460.00000000004,78833.99999999997
Tinta Antifouling 8939,LHN-900424,755,3033129.449999998,1465281.3499999999
Motor de Popa 1949,LHN-830083,701,91929.13999999985,57453.95999999994
Bateria Náutica 6163,LHN-564628,674,1952618.4400000018,1148597.0999999994
Defensa Náutica 6113,LHN-656185,630,1385470.7999999993,849983.3999999998
Bússola de Bordo 4473,LHN-234166,577,2007642.6499999997,1013962.0999999995
Motor de Popa 6404,LHN-249387,728,1263647.8400000012,964614.5600000004
Colete Salva-Vidas 8211,LHN-133378,784,299197.9200000001,181331.35999999996
Colete Salva-Vidas 3392,LHN-656937,716,933434.8800000001,455333.0400000008
Bússola de Bordo 1854,LHN-469107,614,1540114.6199999996,939094.579999999
Vela Mestra 4667,LHN-697411,731,1847310.1000000003,1282853.8300000003
Motor de Popa 553,LHN-302416,657,257504.5800000002,185254.29000000027
Cabo Náutico 6511,LHN-872089,764,232561.59999999995,125708.56000000004
Bússola de Bordo 5772,LHN-320826,680,1959957.2000000011,899061.9999999999
Sonar Transducer 3474,LHN-424093,755,660179.5499999998,471557.8999999997
Tinta Antifouling 8791,LHN-925301,774,1482674.4000000001,814658.2200000006
Tinta Antifouling 503,LHN-115023,801,1989523.8,951924.4199999998
GPS Plotter 5928,LHN-566530,561,242060.27999999997,118657.11000000002
Vela Mestra 3395,LHN-581935,599,2214389.1900000023,1006541.6299999986
Sonar Transducer 7193,LHN-775039,738,1815598.0799999996,1080712.4400000013
Motor de Popa 8544,LHN-626925,711,1163473.2900000007,861831.5400000012
GPS Plotter 4446,LHN-057708,571,548022.9600000003,380571.5
Motor de Popa 6404,LHN-614423,713,1885164.8699999964,868740.5899999999
Bateria Náutica 5653,LHN-669414,646,1307051.8,827248.2200000003
Defensa Náutica 2783,LHN-917754,681,520427.00999999995,363933.2100000001
Motor de Popa 6225,LHN-616875,696,484144.5599999996,348306.2400000004
Motor de Popa 1540,LHN-599912,755,1916839.2999999996,1441234.5999999999
GPS Plotter 7169,LHN-533548,688,1247385.2800000012,585625.6
Motor de Popa 9201,LHN-018613,696,1326102.7200000007,784677.3600000002
Sonar Transducer 5593,LHN-325710,720,295732.80000000005,162489.59999999974
Âncora Bruce 6320,LHN-560136,755,1558184.099999999,1031911.3500000008
Bateria Náutica 6163,LHN-492462,718,131781.72000000003,64282.53999999996
Defensa Náutica 6521,LHN-812832,690,938703.5999999996,695333.6999999993
Sonar Transducer 2387,LHN-758750,682,2816762.3000000003,1341316.6799999978
Motor de Popa 1007,LHN-777146,711,974325.9599999994,499655.25
Colete Salva-Vidas 280,LHN-391937,703,666106.5600000003,302775.0700000002
Motor de Popa 1606,LHN-019871,690,351430.8000000002,173976.59999999998
Sonar Transducer 1236,LHN-424293,811,292089.76000000007,135226.14000000004
Sonar Transducer 6909,LHN-821834,634,241211.64,147981.94000000012
Motor de Popa 2195,LHN-299709,617,787865.8100000002,423582.83999999985
Hélice de Alumínio 8562,LHN-925781,578,1395708.1599999988,825863.7399999999
Bateria Náutica 6054,LHN-823011,688,1941845.6000000008,886687.5199999997
Motor de Popa 7678,LHN-703072,716,2197532.8800000018,1390844.3200000005
GPS Plotter 2659,LHN-531503,818,2896955.1800000006,1583034.5
Cabo Náutico 2105,LHN-924386,760,1734836.8000000012,913071.5999999993
Sonar Transducer 3474,LHN-427420,761,509565.5999999999,312618.8
Sonar Transducer 9995,LHN-432229,763,1240081.0100000007,738141.4599999997
Tinta Antifouling 1614,LHN-199057,611,99550.22999999992,62218.13000000008
Bateria Náutica 3427,LHN-305383,653,138638.42999999993,77452.3300000001
Hélice de Alumínio 7706,LHN-361210,570,1193956.2,741587.1000000007
GPS Plotter 5583,LHN-578645,660,170312.9999999999,79958.99999999996
Bateria Náutica 6370,LHN-023896,759,1601345.7900000014,994623.9599999997
Tinta Antifouling 6054,LHN-604564,714,2115846.180000001,1125449.64
Sonar Transducer 1690,LHN-069697,614,226252.86000000007,104263.33999999994
Hélice de Alumínio 8603,LHN-141733,795,1408175.55,795580.3499999997
Bateria Náutica 2558,LHN-051460,769,979805.9700000017,747944.7799999989
Defensa Náutica 3482,LHN-249879,642,2397048.2399999993,1180811.3400000012
Motor de Popa 8838,LHN-363999,729,906409.4399999995,570070.7099999996
Bateria Náutica 8789,LHN-173568,606,32657.339999999982,15701.45999999999
Colete Salva-Vidas 3259,LHN-408073,714,2022976.2000000002,1149418.6199999996
Cabo Náutico 9175,LHN-485454,556,948035.5999999999,677169.0800000001
Âncora Bruce 1131,LHN-195055,836,1328980.8399999987,674610.1999999998
Sonar Transducer 4635,LHN-032019,598,1867386.5599999994,868553.1399999997
Bateria Náutica 4683,LHN-934253,673,1689593.42,1069363.3499999999
Motor de Popa 9771,LHN-163377,749,556192.4199999997,405980.46999999986
GPS Plotter 9763,LHN-029203,650,1548521.0000000005,1025511.5000000001
Bússola de Bordo 7461,LHN-654340,812,1274685.7200000014,681649.6399999992
Vela Mestra 4634,LHN-501612,586,1444384.519999999,752283.3600000008
Bússola de Bordo 3795,LHN-424258,703,783092.79,365932.58999999997
Motor de Popa 9417,LHN-091652,594,683913.7799999991,347163.3
NAO INFORMADO,LHN-558736,671,1615331.8500000008,772884.64
Bússola de Bordo 702,LHN-677223,754,2564180.5800000024,1432501.9799999995
Bússola de Bordo 2338,LHN-288157,659,683363.2299999994,432508.2899999993
Âncora Bruce 3775,LHN-642548,622,549872.8799999997,395592.0
Motor de Popa 6225,LHN-605492,688,1831084.4800000007,1307915.5199999998
Colete Salva-Vidas 2755,LHN-481254,662,1948199.7999999996,1187925.8999999994
Motor de Popa 5331,LHN-533747,729,282873.8699999997,200620.80000000002
Bússola de Bordo 4004,LHN-193780,643,2100610.2699999996,968023.6399999999
GPS Plotter 7720,LHN-099784,613,809343.8999999998,608531.2299999997
Hélice de Alumínio 6964,LHN-809705,623,1097669.9299999992,525201.46
Cabo Náutico 5788,LHN-456796,679,70344.40000000002,39741.869999999995
Motor de Popa 1845,LHN-816660,655,1775115.4999999995,964736.4000000013
Tinta Antifouling 3067,LHN-672540,687,105516.32999999989,51724.230000000025
Âncora Bruce 7665,LHN-952998,793,2511105.869999999,1146622.4899999995
Defensa Náutica 1161,LHN-010981,641,2038809.4700000004,926732.1599999996
Vela Mestra 8489,LHN-670653,639,1357178.4899999998,864445.5900000002
Sonar Transducer 7193,LHN-127008,803,402134.37000000017,275437.03
Âncora Bruce 7480,LHN-047567,680,957705.2000000004,679224.7999999995
Vela Mestra 6857,LHN-035936,607,1780610.2199999995,1141414.9399999995
Âncora Bruce 2416,LHN-377256,594,583943.58,287656.38
asdf,LHN-466226,693,1719492.3899999994,1322687.5199999996
GPS Plotter 4422,LHN-564110,682,1762001.5599999991,889900.8800000005
Bateria Náutica 6054,LHN-473756,685,2247128.799999998,1345586.599999999
Âncora Bruce 326,LHN-235392,662,351541.8600000001,176654.70000000004
Cabo Náutico 3932,LHN-270820,627,1323866.6100000006,894503.2800000007
Colete Salva-Vidas 6199,LHN-235717,624,1016602.0800000002,493496.6399999995
Colete Salva-Vidas 4753,LHN-012465,671,1493048.8099999991,1058898.3900000004
Vela Mestra 1319,LHN-447440,659,1727957.3100000005,939107.9500000001
Bússola de Bordo 2683,LHN-983603,561,464799.72000000003,261123.05999999988
GPS Plotter 845,LHN-829187,730,522205.5000000001,350473.00000000006
GPS Pltoter 3205,LHN-271246,786,1979375.9400000013,1144148.7599999993
Cabo Náutico 2105,LHN-542912,699,1491204.6600000001,1088468.8199999998
Colete Salva-Vidas 2045,LHN-422153,583,554462.1499999998,324247.1100000001
Hélice de Alumínio 393,LHN-279704,720,1408528.8000000005,795780.0
Âncora Bruce 1018,LHN-581142,729,2265119.6399999997,1424604.5099999984
Âncora Bruce 3286,LHN-037625,666,1327657.6799999992,771894.0
Hélice de Alumínio 8067,LHN-809076,758,2094945.2400000005,1285242.0599999998
Bússola de Bordo 3993,LHN-856587,569,1222433.9100000004,788668.1400000005
GPS Plotter 2111,LHN-375360,664,2047961.9200000009,1157039.9200000013
GPS Plotter 7720,LHN-958871,786,2777535.360000001,1560414.3600000022
Defensa Náutica 793,LHN-146807,792,812093.0399999988,513984.23999999964
Bússola de Bordo 6310,LHN-874108,727,1790113.9099999995,994506.9200000003
Bússola de Bordo 9356,LHN-934318,647,1715022.3099999996,836596.8799999999
Bateria Náutica 5653,LHN-861725,693,911696.94,472383.4499999997
GPS Plotter 5928,LHN-764566,642,692499.7199999995,480902.9400000003
Sonar Transducer 7487,LHN-488283,724,1281798.559999999,758462.4000000003
Bússola de Bordo 3641,LHN-300634,657,537353.7300000006,312416.63999999996
Sonar Transducer 9222,LHN-017068,733,98471.21999999983,52658.72
Defensa Náutica 417,LHN-967867,717,1695246.12,892234.7999999995
Motor de Popa 5331,LHN-683367,682,1344167.4400000004,628115.1799999996
Vela Mestra 8056,LHN-302931,647,1223017.63,563601.6999999997
Bússola de Bordo 7525,LHN-484545,663,991503.2399999996,643832.6699999997
Motor de Popa 2640,LHN-899760,741,1110462.5999999999,702823.6799999997
Defensa Náutica 9558,LHN-545732,714,2040640.5600000012,1397697.840000001
Hélice de Alumínio 8577,LHN-894118,752,2855216.1600000025,1315766.879999999
Hélice de Alumínio 8340,LHN-355112,681,338116.5,159490.19999999992
Defensa Náutica 656,LHN-034318,722,976418.3600000016,458412.2400000002
Tinta Antifouling 6853,LHN-530028,570,904544.4,628157.1000000008
Tinta Antifouling 4777,LHN-350986,658,178745.7000000001,120775.9
Cabo Náutico 2300,LHN-759729,671,1965942.7700000014,1301948.0100000014
Colete Salva-Vidas 502,LHN-417363,744,1890035.2800000014,1350025.1999999995
Cabo Náutico 2366,LHN-759508,734,878238.3400000007,457414.1199999996
Âncora Bruce 2455,LHN-989335,655,650971.7499999999,361651.70000000036
Vela Mestra 9995,LHN-399102,731,969189.0400000004,455018.2599999998
Vela Mestra 8447,LHN-917820,780,162232.20000000004,112663.20000000004
Vela Mestra 8049,LHN-430949,758,467511.6599999997,309612.68
GPS Plotter 2249,LHN-031013,726,511365.3599999993,234570.60000000006
Sonar Transducer 7171,LHN-765491,715,1101779.2500000002,715443.299999999
Bússola de Bordo 5528,LHN-093091,698,1222351.5599999991,702502.1
Cabo Náutico 8028,LHN-533184,777,1341591.5100000007,833285.8799999999
Tinta Antifouling 5479,LHN-825942,745,389538.1499999996,282273.05000000016
Motor de Popa 1845,LHN-105599,679,2302808.129999999,1168939.2400000014
GPS Pltoter 3205,LHN-793303,628,1707921.3600000003,1146257.0
Motor de Popa 5561,LHN-693667,669,2496848.489999999,1183340.58
Motor de Popa 5561,LHN-964745,656,1378984.1600000004,1013959.5199999999
Defensa Náutica 2949,LHN-347611,751,2341933.420000001,1115204.960000001
Motor de Popa 5440,LHN-801931,680,416377.6000000003,221475.99999999988
Âncora Bruce 1131,LHN-917244,715,1274122.8499999985,633890.3999999998
Bateria Náutica 3427,LHN-197081,788,863860.7600000001,440744.1600000003
Âncora Bruce 2284,LHN-389293,730,1721558.999999999,910879.4000000008
Vela Mestra 3870,LHN-833831,643,1610843.6,1220336.840000001
Defensa Náutica 7459,LHN-125895,660,1292900.3999999983,861933.6
Defensa Náutica 3955,LHN-429428,661,823189.5699999988,538034.1699999997
Colete Salva-Vidas 2374,LHN-797147,705,1759108.9499999974,1353162.9000000015
GPS Plotter 3319,LHN-124007,697,1732295.9199999992,1062757.7200000004
Sonar Transducer 4970,LHN-554419,605,1186144.8499999992,818032.5999999989
Motor de Popa 9800,LHN-135511,754,1859552.5,1016150.7199999999
Bateria Náutica 8635,LHN-740101,611,665837.25,389378.0799999999
Motor de Popa 9800,LHN-717429,765,1175139.450000001,758153.2500000002
Âncora Bruce 7525,LHN-368821,540,168139.79999999996,99489.59999999999
Vela Mestra 3325,LHN-171003,701,121146.82000000011,63426.48000000003
Cabo Náutico 5724,LHN-478550,896,2096872.9600000044,1080862.7200000002
Colete Salva-Vidas 2345,LHN-269619,559,1051042.9799999988,696055.6199999998
Bateria Náutica 5523,LHN-838268,684,2092314.9599999988,1089748.8000000005
Defensa Náutica 7532,LHN-873226,597,2013346.6799999985,1118527.26
Hélice de Alumínio 314,LHN-960672,552,248918.87999999998,154609.67999999993
Cabo Náutico 5416,LHN-384824,719,1230561.3099999984,634308.9900000002
Âncora Bruce 4713,LHN-174227,696,245834.16000000018,178141.2
Vela Mestra 9794,LHN-718906,649,473938.7400000005,356346.43000000034
Cabo Náutico 5157,LHN-699082,737,1296397.740000001,836384.4500000004
Bússola de Bordo 5574,LHN-462198,706,1110446.2199999988,711824.5
Bússola de Bordo 1762,LHN-805041,674,1877386.5599999984,1124184.82
Hélice de Alumínio 1155,LHN-800976,857,2599649.510000002,1566056.0899999999
Sonar Transducer 5593,LHN-339593,740,740251.6000000002,385547.40000000026
Âncora Bruce 9985,LHN-644841,605,210201.20000000004,149078.05000000013
Defensa Náutica 2321,LHN-523996,728,1614492.8799999997,1069199.0400000005
Motor de Popa 1296,LHN-195215,525,959112.0000000014,544950.0
GPS Plotter 3319,LHN-898040,622,29103.38000000002,21881.96
Motor de Popa 1296,LHN-516947,687,1342322.4300000006,888957.3899999988
Vela Mestra 8447,LHN-491289,600,1418868.0000000012,712997.9999999995
GPS Plotter 2659,LHN-982583,675,698105.2499999999,509564.2500000002
Bússola de Bordo 755,LHN-395321,706,543817.6800000003,280317.3
Âncora Bruce 9527,LHN-156891,737,1345260.8399999994,1034814.33
Vela Mestra 8368,LHN-877214,733,1175695.3500000006,534408.3100000005
Bússola de Bordo 755,LHN-448636,706,2600720.439999998,1405794.2600000005
Hélice de Alumínio 9779,LHN-949064,649,1396790.7799999993,784712.3899999998
Motor de Popa 1007,LHN-049529,692,1409091.9200000018,1036097.0
Hélice de Alumínio 6964,LHN-621903,681,1244704.5600000015,676471.3500000001
Tinta Antifouling 9285,LHN-141757,642,900809.4600000014,503244.5399999996
Cabo Náutico 5117,LHN-866836,800,3221448.0000000023,1512416.0000000014
Hélice de Alumínio 9238,LHN-827758,595,708918.7000000001,545323.4500000004
Tinta Antifouling 3404,LHN-390665,665,709116.1000000002,482390.9999999999
Bússola de Bordo 5528,LHN-368563,788,2767164.4399999967,1311452.6400000008
Colete Salva-Vidas 4674,LHN-496410,702,1331588.7,625159.08
Sonar Transducer 2387,LHN-852712,732,2162774.52,1221905.6400000004
Motor de Popa 9417,LHN-767184,663,816948.6000000002,374747.4900000001
GPS Plotter 582,LHN-014938,613,971684.6900000012,639267.0500000003
Âncora Bruce 7226,LHN-412681,750,789585.0000000007,533504.9999999999
Cliente Genérico,LHN-496708,607,1148043.3800000006,740673.5399999991
Bateria Náutica 2254,LHN-743801,817,1982573.0499999993,1077484.11
Motor de Popa 6346,LHN-659284,674,1509888.0599999987,961710.3799999986
Colete Salva-Vidas 3098,LHN-113894,617,106376.97000000009,78797.06999999996
Tinta Antifouling 1614,LHN-019271,711,889539.2099999994,483444.45
Tinta Antifouling 901,LHN-029125,673,2410309.1199999973,1268584.809999999
Sonar Transducer 3481,LHN-345841,658,2448852.2800000017,1295687.540000001
Tinta Antifouling 3404,LHN-122922,684,2462324.76,1275817.3199999996
Bateria Náutica 3343,LHN-824348,647,452595.91000000027,234505.15000000002
GPS Plotter 4088,LHN-058092,604,212004.0,117780.0
Hélice de Alumínio 4091,LHN-162345,855,2274000.7500000005,1329824.25
Hélice de Alumínio 4479,LHN-297390,610,1313543.4999999995,987626.6000000011
Colete Salva-Vidas 8571,LHN-320718,645,544289.6999999998,362857.6500000003
Bateria Náutica 2569,LHN-666608,816,2163493.440000001,1015724.1600000005
Colete Salva-Vidas 6302,LHN-734418,679,436271.0799999998,330510.0399999999
Motor de Popa 8461,LHN-926521,631,743709.2199999989,371854.60999999946
Vela Mestra 6445,LHN-470138,652,978697.64,540716.6400000004
Hélice de Alumínio 2016,LHN-531344,544,388067.83999999973,242542.40000000005
GPS Plotter 8951,LHN-373626,757,89848.33000000006,49099.02000000002
Vela Mestra 7171,LHN-059232,699,31846.43999999999,14951.610000000004
Bússola de Bordo 6684,LHN-848751,621,1294281.9899999981,634450.8599999998
Bússola de Bordo 7461,LHN-412185,767,1653652.0,1080818.0499999998
Motor de Popa 8461,LHN-627021,730,747030.8999999991,533593.5000000001
Vela Mestra 1577,LHN-609159,624,969614.8799999984,560470.5600000005
Defensa Náutica 792,LHN-580628,659,1176829.0200000005,744828.1599999995
Defensa Náutica 3482,LHN-550481,729,185012.90999999992,133100.82000000007
Colete Salva-Vidas 8269,LHN-244067,721,584846.3600000002,285292.4900000002
Cabo Náutico 3697,LHN-908775,715,104733.20000000003,77577.5
Bateria Náutica 1358,LHN-710774,686,2504524.2600000002,1290990.2600000007
Tinta Antifouling 5479,LHN-635877,748,101742.95999999996,63587.479999999974
Tinta Antifouling 4641,LHN-805388,658,257909.6800000002,159203.09999999995
Vela Mestra 401,LHN-288752,569,335027.2,212043.54000000012
Hélice de Alumínio 9779,LHN-652850,633,1799910.1799999988,899955.0899999994
Bússola de Bordo 8959,LHN-684919,616,658738.080000001,470525.4399999999
Âncora Bruce 3524,LHN-876961,662,115843.38,56786.35999999996
Motor de Popa 9417,LHN-652582,578,1083663.3,585762.5399999997
Motor de Popa 5396,LHN-684173,524,1205357.2000000004,837053.3199999997
Cabo Náutico 7323,LHN-331126,727,1751568.3700000015,941704.91
Tinta Antifouling 6054,LHN-626370,675,1517393.249999998,1167223.499999999
Hélice de Alumínio 549,LHN-267610,709,1717410.6999999997,1080133.1400000001
Tinta Antifouling 8791,LHN-702711,696,639811.9199999997,306128.6399999999
Cabo Náutico 9307,LHN-684552,670,463465.79999999993,340782.1000000001
Motor de Popa 1376,LHN-065420,726,1439360.3399999994,685409.3400000003
Sonar Transducer 3474,LHN-591244,619,674165.2799999991,461755.4299999998
GPS Plotter 582,LHN-721593,685,2388074.399999998,1319378.4999999995
Bateria Náutica 5770,LHN-487687,612,1402092.0,690684.8400000002
Defensa Náutica 7487,LHN-117236,651,2739668.4,1298419.5
Colete Salva-Vidas 5603,LHN-277318,623,1552117.279999999,1034746.93
Cabo Náutico 8086,LHN-854499,704,1648901.759999999,1161198.7200000002
GPS Plotter 9584,LHN-090109,650,1930896.4999999998,1229871.499999999
Sonar Transducer 4970,LHN-422108,810,1305047.6999999997,701638.1999999995
Cabo Náutico 9048,LHN-862057,652,761933.7199999993,494763.68
Bateria Náutica 4683,LHN-410593,715,2412338.499999999,1370647.8499999975
Sonar Transducer 8490,LHN-949202,629,1605541.3700000017,863195.5699999997
Cabo Náutico 6267,LHN-510103,718,2043815.7200000011,987350.5200000008
Hélice de Alumínio 7706,LHN-312680,810,301133.70000000007,176102.10000000012
Bússola de Bordo 5643,LHN-888421,718,2280281.8399999966,1036490.4399999998
Motor de Popa 4088,LHN-535388,696,2004299.039999997,1172105.760000001
Cabo Náutico 5453,LHN-151812,679,1578478.0899999999,734175.5400000003
Sonar Transducer 9995,LHN-078133,592,1598494.7199999988,868748.1599999993
Vela Mestra 207,LHN-391369,826,2782323.180000001,1426832.3999999994
Âncora Bruce 9527,LHN-546099,598,1901269.2399999977,1005961.5800000007
Hélice de Alumínio 7333,LHN-681853,674,1245895.7400000014,669834.6800000004
GPS Plotter 9584,LHN-845166,683,1704583.5899999992,1099732.4500000004
Vela Mestra 8368,LHN-584528,698,1823685.5399999998,1371193.0799999991
Âncora Bruce 6850,LHN-261123,534,1105321.2600000007,558243.5999999999
Cabo Náutico 7626,LHN-321929,676,544937.1199999996,248828.83999999982
Âncora Bruce 7120,LHN-505195,630,1615225.500000001,882636.3000000005
Cabo Náutico 3697,LHN-719568,665,188414.45000000013,95640.29999999996
Motor de Popa 6014,LHN-680793,713,26131.450000000004,19357.949999999993
Bateria Náutica 948,LHN-406123,727,462313.84000000026,306168.78000000014
Sonar Transducer 4574,LHN-383027,635,1117485.7000000002,620826.7999999999
Bússola de Bordo 2692,LHN-468939,634,328469.0599999998,206582.5599999998
Hélice de Alumínio 6964,LHN-017653,678,771299.5799999994,473189.7600000002
Bateria Náutica 1358,LHN-866078,673,2064925.5199999965,1027327.7699999994
Colete Salva-Vidas 2217,LHN-221467,643,462214.12000000034,281839.7600000004
Tinta Antifouling 8753,LHN-843761,678,1466466.5400000007,928141.3199999998
Colete Salva-Vidas 8571,LHN-259969,635,1409515.85,814749.4500000002
Motor de Popa 1376,LHN-685807,684,368997.48000000016,252738.0
GPS Plotter 2098,LHN-863469,655,95505.54999999999,69711.6500000001
Vela Mestra 8447,LHN-676634,743,2627626.9300000016,1245320.01
Hélice de Alumínio 6549,LHN-824993,628,1909465.4,1116646.8
GPS Plotter 649,LHN-786463,576,1273783.6800000004,832538.880000001
Colete Salva-Vidas 8874,LHN-825766,606,1916796.1800000016,871270.4399999998
Motor de Popa 8671,LHN-731009,582,692056.2000000004,400031.88000000006
Colete Salva-Vidas 7001,LHN-781949,624,365539.2000000002,208877.76000000007
Cabo Náutico 6215,LHN-906593,657,757553.8499999999,443015.1000000001
Colete Salva-Vidas 4674,LHN-639630,576,1736519.0400000012,796567.6799999999
Bateria Náutica 3343,LHN-636680,603,22304.97,14869.979999999994
Motor de Popa 6346,LHN-721639,718,137532.9,73157.01999999995
Cabo Náutico 5117,LHN-942463,743,547546.4200000007,263244.9000000001
asdf,LHN-686992,778,993365.9600000007,459891.35999999987
Cabo Náutico 7039,LHN-278783,700,955339.0000000006,729267.0
Sonar Transducer 5950,LHN-196507,637,999236.4199999997,492235.3799999997
Motor de Popa 1376,LHN-068507,668,1765403.759999999,1261003.6399999994
Caboo Náutico 4942,LHN-360573,611,1617048.1600000015,924027.52
Motor de Popa 6404,LHN-359056,618,1553448.06,913793.3400000011
Sonar Transducer 4154,LHN-988025,681,1957868.1899999967,1341004.7699999996
Hélice de Alumínio 8340,LHN-893936,668,627312.1200000006,441768.4399999996
Defensa Náutica 5179,LHN-483461,694,1997255.6600000004,983869.9199999998
Motor de Popa 1007,LHN-471920,637,1765706.6700000002,802594.52
Vela Mestra 6445,LHN-970128,642,1765223.939999999,821034.5399999989
Motor de Popa 8825,LHN-778844,609,47922.210000000014,22289.400000000005
Colete Salva-Vidas 6879,LHN-638762,725,1276000.0,862162.7499999995
Vela Mestra 1834,LHN-276763,696,378248.15999999986,199076.87999999974
Defensa Náutica 793,LHN-174522,842,1868566.4000000004,1026684.2800000004
Âncora Bruce 326,LHN-640623,675,140454.00000000003,78029.99999999999
Vela Mestra 5689,LHN-299592,682,190639.45999999973,101945.36000000003
Sonar Transducer 7290,LHN-448251,657,1053545.4899999998,780404.3099999996
Motor de Popa 9645,LHN-414825,713,1594260.8699999978,1099488.7800000007
Cabo Náutico 6267,LHN-129604,673,921188.9400000009,422563.2400000003
Cabo Náutico 4851,LHN-357278,680,1593199.1999999983,1138000.4000000008
Motor de Popa 8491,LHN-293866,715,1693985.15,851250.3999999998
Hélice de Alumínio 7333,LHN-582104,652,1570850.5600000024,1181091.479999999
Tinta Antifouling 3241,LHN-676092,628,1693508.760000001,1201068.840000001
GPS Plotter 2508,LHN-601489,660,1641565.1999999995,829072.2
Sonar Transducer 3832,LHN-668014,654,599783.3999999997,392014.14000000025
Motor de Popa 1296,LHN-334696,514,910365.9600000002,595011.5399999998
Colete Salva-Vidas 9810,LHN-606209,520,1075677.1999999995,522173.59999999957
GPS Plotter 4088,LHN-028747,649,1374199.0899999996,767708.5899999995
Âncora Bruce 3597,LHN-047570,571,897286.5299999997,464913.9100000001
Colete Salva-Vidas 2374,LHN-375373,673,1910721.0299999986,1217019.5499999998
GPS Plotter 5137,LHN-400600,674,1551224.4799999997,969515.3000000005
Defensa Náutica 9513,LHN-584495,588,494854.92000000016,276454.0800000002
Tinta Antifouling 7287,LHN-025829,663,2235815.0100000016,1235255.1900000006
GPS Plotter 475,LHN-580775,615,257937.15000000008,122827.80000000008
Defensa Náutica 9426,LHN-595227,770,1873571.6999999995,909500.9000000003
Âncora Bruce 9445,LHN-799932,538,369363.90000000014,199657.1799999999
Âncora Bruce 7571,LHN-975312,693,2297038.589999997,1063443.1500000004
Bateria Náutica 6370,LHN-593481,654,818461.3799999992,389744.76000000065
Motor de Popa 5331,LHN-741648,802,1050724.2600000019,656701.6599999997
Sonar Transducer 5950,LHN-462788,650,2052485.5000000005,1063464.999999999
Vela Mestra 207,LHN-194601,702,1920868.5600000012,932459.5799999993
Âncora Bruce 831,LHN-574927,838,2130564.719999997,1275787.960000001
Tinta Antifouling 8939,LHN-732771,658,59516.1,33248.74
Defensa Náutica 9695,LHN-279736,584,1240626.2399999993,912225.5200000004
Cabo Náutico 5788,LHN-917689,627,641352.0300000006,364406.13000000047
Bússola de Bordo 7257,LHN-322940,689,1285729.1199999996,899110.5499999999
GPS Plotter 9584,LHN-272277,694,198928.1600000001,105252.0400000001
Hélice de Alumínio 1260,LHN-421623,753,1820241.9599999997,862674.4499999996
GPS Plotter 475,LHN-102355,599,769421.4900000002,457989.41
Hélice de Alumínio 571,LHN-333768,664,983264.48,540256.9600000003
Tinta Antifouling 849,LHN-167095,735,279366.14999999973,206939.25
GPS Plotter 9135,LHN-117807,833,1813649.25,1119535.3399999994
Vela Mestra 5034,LHN-618715,661,698472.0900000004,390208.13
Sonar Transducer 7193,LHN-300953,552,1140691.439999999,640838.8800000004
Âncora Bruce 7309,LHN-932582,683,573317.0300000001,345372.61000000004
Vela Mestra 5825,LHN-133301,716,1026185.5199999992,722665.9600000001
Bússola de Bordo 8282,LHN-725444,730,2841196.5,1449590.1999999986
GPS Plotter 582,LHN-618327,778,2172619.459999999,1059814.9399999997
Motor de Popa 8681,LHN-524024,618,247725.29999999996,131769.96000000002
Bússola de Bordo 7024,LHN-871027,575,568502.5000000001,305646.99999999977
Bússola de Bordo 180,LHN-548265,658,1480138.1000000003,808820.1800000003
